{"Alpha0": 1.0717393159866333, "_timestamp": 1724359393.3663294, "Alpha1": 0.9807365536689758, "Alpha2": 0.9878657460212708, "Alpha3": 1.0840096473693848, "Alpha4": 0.9070172905921936, "Alpha5": 0.9282577037811279, "Alpha6": 0.877600371837616, "Alpha7": 0.9108175039291382, "Alpha8": 1.0030444860458374, "Alpha9": 1.0899473428726196, "Alpha10": 1.0619851350784302, "Alpha11": 0.8901275992393494, "Alpha12": 1.0182595252990723, "Alpha13": 0.8985331654548645, "Alpha14": 0.9927597641944885, "Alpha15": 0.944521963596344, "Alpha16": 0.8940004110336304, "Alpha17": 1.0577951669692993, "Alpha18": 1.1148778200149536, "Alpha19": 0.8797495365142822, "Alpha20": 1.0986775159835815, "Alpha21": 1.0041656494140625, "Alpha22": 1.0020960569381714, "Alpha23": 1.0957657098770142, "Alpha24": 0.9292916059494019, "Alpha25": 0.9240425229072571, "Alpha26": 1.0190761089324951, "Alpha27": 0.9976953268051147, "Alpha28": 1.0460892915725708, "Train acc": 85.41666412353516, "Test acc": 80.55555725097656, "_runtime": 3186.707676410675, "_step": 18, "graph_feat.alphas.grad": 0.022471264004707336, "Loss": 2.419912040233612, "_wandb": {"runtime": 3194}}