{"Alpha0": -0.38314834237098694, "_timestamp": 1724342007.872015, "_runtime": 4.346791982650757, "_step": 28, "Alpha1": 1.1382873058319092, "Alpha2": -0.5759194493293762, "Alpha3": -0.38255593180656433, "Alpha4": 0.29944753646850586, "Alpha5": -0.40791934728622437, "Alpha6": 0.16704656183719635, "Alpha7": -0.27877309918403625, "Alpha8": 1.7509921789169312, "Alpha9": 0.3806752860546112, "Alpha10": -1.517404317855835, "Alpha11": 0.09632981568574905, "Alpha12": 1.0958739519119263, "Alpha13": 0.13595853745937347, "Alpha14": 2.62693452835083, "Alpha15": -0.2578664720058441, "Alpha16": 0.316993772983551, "Alpha17": -0.7422791123390198, "Alpha18": -1.4157804250717163, "Alpha19": 0.5099771618843079, "Alpha20": -0.3574153780937195, "Alpha21": -0.18388912081718445, "Alpha22": -0.03854542225599289, "Alpha23": 1.2560343742370605, "Alpha24": 0.3118392527103424, "Alpha25": -1.0917630195617676, "Alpha26": -0.154184490442276, "Alpha27": -0.35479751229286194, "Alpha28": 0.8513748049736023, "_wandb": {"runtime": 33}}