{"Alpha0": 1.0183197259902954, "_timestamp": 1724879992.622001, "Alpha1": 1.016823172569275, "Alpha2": 1.0189603567123413, "Alpha3": 1.0147616863250732, "Alpha4": 1.016343116760254, "Alpha5": 1.023620843887329, "Alpha6": 1.017085313796997, "Alpha7": 1.0216597318649292, "Alpha8": 1.019007921218872, "Alpha9": 1.0161174535751343, "Alpha10": 1.0151619911193848, "Alpha11": 1.0178030729293823, "Alpha12": 1.0190253257751465, "Alpha13": 1.0200374126434326, "Alpha14": 1.0147830247879028, "Alpha15": 1.021470308303833, "Alpha16": 1.0200716257095337, "Alpha17": 1.0141946077346802, "Alpha18": 1.013217806816101, "Alpha19": 1.0210585594177246, "Alpha20": 1.0176259279251099, "Alpha21": 1.0194774866104126, "Alpha22": 1.0181593894958496, "Alpha23": 1.0163952112197876, "Alpha24": 1.023667812347412, "Alpha25": 1.01986563205719, "Alpha26": 1.018254041671753, "Alpha27": 1.0131741762161255, "Alpha28": 1.0162750482559204, "Train acc": 63.65740966796875, "Test acc": 70.37036895751953, "_runtime": 807.3615539073944, "_step": 11, "graph_feat.alphas.grad": 21365274968064.0, "Loss": 3021727126781952.0, "_wandb": {"runtime": 808}}