{"Alpha0": 1.0, "_timestamp": 1724340062.105816, "_runtime": 65.36174178123474, "_step": 58, "Alpha1": 1.0, "Alpha2": 1.0, "Alpha3": 1.0, "Alpha4": 1.0, "Alpha5": 1.0, "Alpha6": 1.0, "Alpha7": 1.0, "Alpha8": 1.0, "Alpha9": 1.0, "Alpha10": 1.0, "Alpha11": 1.0, "Alpha12": 1.0, "Alpha13": 1.0, "Alpha14": 1.0, "Alpha15": 1.0, "Alpha16": 1.0, "Alpha17": 1.0, "Alpha18": 1.0, "Alpha19": 1.0, "Alpha20": 1.0, "Alpha21": 1.0, "Alpha22": 1.0, "Alpha23": 1.0, "Alpha24": 1.0, "Alpha25": 1.0, "Alpha26": 1.0, "Alpha27": 1.0, "Alpha28": 1.0, "Loss": 124.50685834884644, "Train acc": 55.78704071044922, "Test acc": 22.22222328186035, "_wandb": {"runtime": 122}}