{"Alpha0": 1.0173158645629883, "_timestamp": 1724345283.5243855, "Alpha1": 0.9999986886978149, "Alpha2": 1.0036097764968872, "Alpha3": 0.9890914559364319, "Alpha4": 0.9855408072471619, "Alpha5": 0.9962702989578247, "Alpha6": 0.9867693185806274, "Alpha7": 1.008652687072754, "Alpha8": 0.9882044196128845, "Alpha9": 1.0091185569763184, "Alpha10": 1.0043041706085205, "Alpha11": 0.9948752522468567, "Alpha12": 0.9903112053871155, "Alpha13": 0.9827401638031006, "Alpha14": 1.0096769332885742, "Alpha15": 0.9842798709869385, "Alpha16": 0.9850003123283386, "Alpha17": 1.0233012437820435, "Alpha18": 1.0072330236434937, "Alpha19": 0.9987637996673584, "Alpha20": 1.0137388706207275, "Alpha21": 0.9910968542098999, "Alpha22": 1.0003972053527832, "Alpha23": 0.9901003241539001, "Alpha24": 1.007735252380371, "Alpha25": 0.9890406727790833, "Alpha26": 1.0030709505081177, "Alpha27": 0.9856386184692383, "Alpha28": 1.0105146169662476, "Train acc": 86.80555725097656, "Test acc": 75.9259262084961, "_runtime": 2339.0779914855957, "_step": 20, "graph_feat.alphas.grad": 0.3194955587387085, "Loss": 1.5858370810747147, "_wandb": {"runtime": 2338}}