{"Loss": 476.9973844885826, "Train acc": 51.85185241699219, "Test acc": 3.7037036418914795, "_timestamp": 1724337781.8084996, "_runtime": 342.65800952911377, "_step": 4, "_wandb": {"runtime": 342}}