{"Alpha0": 1.0, "_timestamp": 1724876226.8089619, "Alpha1": 1.0, "Alpha2": 1.0, "Alpha3": 1.0, "Alpha4": 1.0, "Alpha5": 1.0, "Alpha6": 1.0, "Alpha7": 1.0, "Alpha8": 1.0, "Alpha9": 1.0, "Alpha10": 1.0, "Alpha11": 1.0, "Alpha12": 1.0, "Alpha13": 1.0, "Alpha14": 1.0, "Alpha15": 1.0, "Alpha16": 1.0, "Alpha17": 1.0, "Alpha18": 1.0, "Alpha19": 1.0, "Alpha20": 1.0, "Alpha21": 1.0, "Alpha22": 1.0, "Alpha23": 1.0, "Alpha24": 1.0, "Alpha25": 1.0, "Alpha26": 1.0, "Alpha27": 1.0, "Alpha28": 1.0, "Train acc": 44.4444465637207, "Test acc": 43.51852035522461, "_runtime": 75.39057898521423, "_step": 1, "graph_feat.alphas.grad": NaN, "_wandb": {"runtime": 75}}