{"Alpha0": 1.0, "_timestamp": 1724339686.7918909, "_runtime": 307.98930287361145, "_step": 178, "Alpha1": 1.0, "Alpha2": 1.0, "Alpha3": 1.0, "Alpha4": 1.0, "Alpha5": 1.0, "Alpha6": 1.0, "Alpha7": 1.0, "Alpha8": 1.0, "Alpha9": 1.0, "Alpha10": 1.0, "Alpha11": 1.0, "Alpha12": 1.0, "Alpha13": 1.0, "Alpha14": 1.0, "Alpha15": 1.0, "Alpha16": 1.0, "Alpha17": 1.0, "Alpha18": 1.0, "Alpha19": 1.0, "Alpha20": 1.0, "Alpha21": 1.0, "Alpha22": 1.0, "Alpha23": 1.0, "Alpha24": 1.0, "Alpha25": 1.0, "Alpha26": 1.0, "Alpha27": 1.0, "Alpha28": 1.0, "Loss": 9.832873702049255, "Train acc": 66.20370483398438, "Test acc": 23.148147583007812, "_wandb": {"runtime": 355}}